title,tag,image_url,sale,gift,best,new,product_url,price,price_sale
2세대 시카페어 리커버,#그린커버크림,https://image.drjart.com/img/001/1567175555779.png,,,,NEW,https://www.drjart.com/ko/prd/view/708?activeTopGnb=all,43000,0
2세대 시카페어 리커버,#그린커버크림,https://image.drjart.com/img/001/1567175555779.png,,,,NEW,https://www.drjart.com/ko/prd/view/708?activeTopGnb=all,43000,0
2세대 시카페어 리커버,#그린커버크림,https://image.drjart.com/img/001/1567175555779.png,,,,NEW,https://www.drjart.com/ko/prd/view/708?activeTopGnb=all,43000,0
2세대 시카페어 세럼,#시카리페어세럼 ,https://image.drjart.com/img/001/1589852789984.png,SALE,GIFT,,NEW,https://www.drjart.com/ko/prd/view/798?activeTopGnb=all,39000,37050
2세대 시카페어 크림,#시카페어크림,https://image.drjart.com/img/001/1589760654735.png,,,,NEW,https://www.drjart.com/ko/prd/view/707?activeTopGnb=all,48000,0
2세대 시카페어 토너,#100점만점토너,https://image.drjart.com/img/001/1566294860604.png,,,,NEW,https://www.drjart.com/ko/prd/view/1004?activeTopGnb=all,33000,0
고백성공을 부르는 촉촉 피부 SET,# 바이옴 수분 집중템,https://image.drjart.com/img/001/1593148398794.png,SALE,GIFT,,,https://www.drjart.com/ko/prd/view/1082?activeTopGnb=all,87000,73950
긴급 수분 바이옴 충전 세트,# 긴급 수분케어,https://image.drjart.com/img/001/1593148592952.png,SALE,,,,https://www.drjart.com/ko/prd/view/1033?activeTopGnb=all,107000,90950
닥터자르트 더마스크 마이크로젯 클리어링 솔루션,#민감솔루션마스크,https://image.drjart.com/img/001/1573461437247.png,,,,,https://www.drjart.com/ko/prd/view/21145?activeTopGnb=all,25000,0
닥터자르트 더마스크 마이크로젯 클리어링 솔루션,#민감솔루션마스크,https://image.drjart.com/img/001/1573461437247.png,,,,,https://www.drjart.com/ko/prd/view/21145?activeTopGnb=all,25000,0
닥터자르트 프리미엄 뷰티 밤,#윤기없고칙칙한피부,https://image.drjart.com/img/001/1509068474966.png,,,,,https://www.drjart.com/ko/prd/view/296?activeTopGnb=all,48000,0
더마 코튼 패드 세트,100% 천연 코튼 패드 (80매*3ea),https://image.drjart.com/img/001/1514957241897.PNG,,,,,https://www.drjart.com/ko/prd/view/512?activeTopGnb=all,12000,0
더마스크 마이크로젯 브라이트닝 솔루션,#미백솔루션마스크,https://image.drjart.com/img/001/1570145885666.png,SALE,,,,https://www.drjart.com/ko/prd/view/21116?activeTopGnb=all,25000,20000
더마스크 쉐이킹 러버 루미너스 샷,#백옥바탕샷,https://image.drjart.com/img/001/1508842817281.png,,,,,https://www.drjart.com/ko/prd/view/821?activeTopGnb=all,8000,0
더마스크 쉐이킹 러버 수딩 샷,#쿨링진정샷,https://image.drjart.com/img/001/1565766797140.png,,,,,https://www.drjart.com/ko/prd/view/820?activeTopGnb=all,8000,0
더마스크 쉐이킹 러버 하이드로 샷,#물광생기샷,https://image.drjart.com/img/001/1508843641970.png,,,,,https://www.drjart.com/ko/prd/view/819?activeTopGnb=all,8000,0
더마스크 울트라 젯 필링 솔루션,#필링솔루션마스크,https://image.drjart.com/img/001/1587006505969.png,,,,,https://www.drjart.com/ko/prd/view/877?activeTopGnb=all,25000,0
더마스크 워터 젯 바이탈 하이드라 슬리핑 마스크,#한밤수분UP,https://image.drjart.com/img/001/1508846517538.png,,,,,https://www.drjart.com/ko/prd/view/817?activeTopGnb=all,24000,0
더마스크 워터젯 바이탈 하이드라 솔루션,#수분솔루션마스크,https://image.drjart.com/img/001/1565765693697.png,,,,NEW,https://www.drjart.com/ko/prd/view/607?activeTopGnb=all,20000,0
더마스크 워터젯 수딩 하이드라 솔루션,#진정솔루션마스크,https://image.drjart.com/img/001/1565765728700.png,,,,,https://www.drjart.com/ko/prd/view/608?activeTopGnb=all,20000,0
더마스크 인트라 젯 퍼밍 슬리핑 마스크,#한밤탄력UP,https://image.drjart.com/img/001/1508843937437.png,,,,,https://www.drjart.com/ko/prd/view/818?activeTopGnb=all,24000,0
더마스크 인트라젯 링클리스 솔루션,#주름솔루션마스크,https://image.drjart.com/img/001/1570144970618.png,,,,,https://www.drjart.com/ko/prd/view/1116?activeTopGnb=all,25000,0
더마스크 인트라젯 퍼밍 솔루션,#탄력솔루션마스크,https://image.drjart.com/img/001/1570145750776.png,,,,,https://www.drjart.com/ko/prd/view/11116?activeTopGnb=all,25000,0
더마클리어 마이크로 약산성 폼,#저자극버블클렌징,https://image.drjart.com/img/001/1520231261622.png,,,,,https://www.drjart.com/ko/prd/view/871?activeTopGnb=all,18000,0
더마클리어 마이크로 워터,#마이크로워터클렌징,https://image.drjart.com/img/001/1519797515381.png,,,,,https://www.drjart.com/ko/prd/view/869?activeTopGnb=all,28000,0
더마클리어 마이크로 워터,#마이크로워터클렌징,https://image.drjart.com/img/001/1519797515381.png,,,,,https://www.drjart.com/ko/prd/view/869?activeTopGnb=all,28000,0
더마클리어 마이크로 폼,#미세버블폼클렌징,https://image.drjart.com/img/001/1520230577852.png,,,,,https://www.drjart.com/ko/prd/view/870?activeTopGnb=all,18000,0
더메이크업 너리싱 뷰티밤,#수분커버비비,https://image.drjart.com/img/001/1553142354724.png,,,,,https://www.drjart.com/ko/prd/view/923?activeTopGnb=all,32000,0
더메이크업 너리싱 뷰티밤,#수분커버비비,https://image.drjart.com/img/001/1553142354724.png,,,,,https://www.drjart.com/ko/prd/view/923?activeTopGnb=all,32000,0
더메이크업 듀얼 핏 팩트,#프라이밍커버팩트,https://image.drjart.com/img/001/1553142453680.png,,,,,https://www.drjart.com/ko/prd/view/901?activeTopGnb=all,37000,0
더메이크업 듀얼 핏 팩트,#프라이밍커버팩트,https://image.drjart.com/img/001/1553142453680.png,,,,,https://www.drjart.com/ko/prd/view/901?activeTopGnb=all,37000,0
더메이크업 디스어포어 뷰티밤,#모공커버비비,https://image.drjart.com/img/001/1587993633434.png,,,,,https://www.drjart.com/ko/prd/view/922?activeTopGnb=all,32000,0
더메이크업 리쥬비네이팅 뷰티밤,#No.1커버비비,https://image.drjart.com/img/001/1566294646374.png,,,,,https://www.drjart.com/ko/prd/view/924?activeTopGnb=all,29000,0
더메이크업 리쥬비네이팅 뷰티밤,#No.1커버비비,https://image.drjart.com/img/001/1566294646374.png,,,,,https://www.drjart.com/ko/prd/view/924?activeTopGnb=all,29000,0
더메이크업 소프트 리퀴드 컨실러,#휴대용뭉침제로컨실러,https://image.drjart.com/img/001/1553142621303.png,,,,,https://www.drjart.com/ko/prd/view/900?activeTopGnb=all,15000,0
더메이크업 소프트 리퀴드 컨실러,#휴대용뭉침제로컨실러,https://image.drjart.com/img/001/1553142621303.png,,,,,https://www.drjart.com/ko/prd/view/900?activeTopGnb=all,15000,0
더메이크업 파워 밤 컨실러,#고밀착고커버컨실러,https://image.drjart.com/img/001/1553142747170.png,,,,,https://www.drjart.com/ko/prd/view/899?activeTopGnb=all,18000,0
더메이크업 파워 밤 컨실러,#고밀착고커버컨실러,https://image.drjart.com/img/001/1553142747170.png,,,,,https://www.drjart.com/ko/prd/view/899?activeTopGnb=all,18000,0
더메이크업 픽시온 파운데이션,#민감성고커버파데,https://image.drjart.com/img/001/1582886316099.png,,,,,https://www.drjart.com/ko/prd/view/925?activeTopGnb=all,39000,0
더메이크업 픽시온 파운데이션,#민감성고커버파데,https://image.drjart.com/img/001/1582886316099.png,,,,,https://www.drjart.com/ko/prd/view/925?activeTopGnb=all,39000,0
더메이크업 핏 쿠션,#트러블커버쿠션,https://image.drjart.com/img/001/1553142409235.png,,,,,https://www.drjart.com/ko/prd/view/902?activeTopGnb=all,37000,0
데이 앤 나이트 케어세트,#밤낮을가리지않는진정,https://image.drjart.com/img/001/1579482076708.png,SALE,GIFT,,,https://www.drjart.com/ko/prd/view/21203?activeTopGnb=all,57000,48450
데일리 바이옴 세트,# Daily 수분충전템,https://image.drjart.com/img/001/1593149088309.png,SALE,,,,https://www.drjart.com/ko/prd/view/1031?activeTopGnb=all,79000,67150
바디 클리어 올킬 세트,#바디고민 ALL KILL,https://image.drjart.com/img/001/1566900370445.png,SALE,GIFT,,,https://www.drjart.com/ko/prd/view/1068?activeTopGnb=all,39000,33150
바이옴 간편 집중 트래블 키트,# 간편 여행용 키트,https://image.drjart.com/img/001/1569200604075.png,SALE,GIFT,,,https://www.drjart.com/ko/prd/view/1095?activeTopGnb=all,43000,36550
바이옴 나이트 테라피 트윈 세트,#너하나 나하나 함께 쓰는,https://image.drjart.com/img/001/1593148533573.png,SALE,GIFT,,,https://www.drjart.com/ko/prd/view/21140?activeTopGnb=all,60000,51000
바이옴 베스트 트래블 키트,#간편 여행용 키트,https://image.drjart.com/img/001/1569198139407.png,SALE,GIFT,,,https://www.drjart.com/ko/prd/view/1093?activeTopGnb=all,48000,40800
바이옴 에센스 45mL,#233억에센스 ,https://image.drjart.com/img/001/1592905001328.png,,,,,https://www.drjart.com/ko/prd/view/21281?activeTopGnb=all,26000,0
바이옴 에센스 트윈 세트,#너하나 나하나 함께 쓰는,https://image.drjart.com/img/001/1593148482493.png,SALE,GIFT,,,https://www.drjart.com/ko/prd/view/21131?activeTopGnb=all,98000,83300
바이옴 에센스&그린 샷,#233억에센스+진정샷,https://image.drjart.com/img/001/1594820303948.png,SALE,,,,https://www.drjart.com/ko/prd/view/21301?activeTopGnb=all,42000,35700
바이옴 에센스&블루 샷,#233억에센스+톤업샷,https://image.drjart.com/img/001/1594876474691.png,SALE,,BEST,,https://www.drjart.com/ko/prd/view/21300?activeTopGnb=all,42000,35700
바이옴 에센스&옐로 샷,#233억에센스+탄력샷,https://image.drjart.com/img/001/1594820244382.png,SALE,,,,https://www.drjart.com/ko/prd/view/21302?activeTopGnb=all,42000,35700
바이옴 에센스&핑크 샷,#233억에센스+스팟케어,https://image.drjart.com/img/001/1594820194814.png,SALE,,,,https://www.drjart.com/ko/prd/view/21303?activeTopGnb=all,45000,38250
바이옴 클렌저,#똑똑클렌저,https://image.drjart.com/img/001/1589418738580.png,,,BEST,,https://www.drjart.com/ko/prd/view/21282?activeTopGnb=all,22000,0
바이옴 환절기 보습 세트,# 바이옴 촉촉 가을 보습템,https://image.drjart.com/img/001/1568601448029.png,SALE,,,NEW,https://www.drjart.com/ko/prd/view/1084?activeTopGnb=all,94000,79900
바이옴™ 나이트 테라피 마스크 110ml,#딥슬립크림팩,https://image.drjart.com/img/001/1594629173565.png,,,,,https://www.drjart.com/ko/prd/view/21325?activeTopGnb=all,34000,0
바이옴™ 나이트 테라피 마스크 110ml,#딥슬립크림팩,https://image.drjart.com/img/001/1594629173565.png,SALE,,,,https://www.drjart.com/ko/prd/view/21325?activeTopGnb=all,34000,30600
바이탈 하이드라 솔루션 바이옴 나이트 테라피 마스크,#딥슬립크림팩,https://image.drjart.com/img/001/1560475322489.png,,GIFT,,,https://www.drjart.com/ko/prd/view/1013?activeTopGnb=all,30000,0
바이탈 하이드라 솔루션 바이옴 모이스처 크림,#수분고정크림,https://image.drjart.com/img/001/1582885789078.png,,,,,https://www.drjart.com/ko/prd/view/1014?activeTopGnb=all,45000,0
바이탈 하이드라 솔루션 바이옴 아이 크림,#맑은인상아이크림,https://image.drjart.com/img/001/1560475364281.png,,GIFT,,,https://www.drjart.com/ko/prd/view/1012?activeTopGnb=all,38000,0
바이탈 하이드라 솔루션 바이옴 에멀전,#수분결에멀전,https://image.drjart.com/img/001/1560475424321.png,,GIFT,,NEW,https://www.drjart.com/ko/prd/view/1006?activeTopGnb=all,36000,0
바이탈 하이드라 솔루션 바이옴 에센스 150mL,#수분체질개선_에센스,https://image.drjart.com/img/001/1594821291599.png,,,,NEW,https://www.drjart.com/ko/prd/view/1016?activeTopGnb=all,49000,0
바이탈 하이드라 솔루션 바이옴 에센스 245mL,#수분체질개선_에센스,https://image.drjart.com/img/001/1587439693412.png,,,,NEW,https://www.drjart.com/ko/prd/view/1018?activeTopGnb=all,79000,0
바이탈 하이드라 솔루션 바이옴 워터 크림,#탱글수분크림,https://image.drjart.com/img/001/1560475092450.png,,GIFT,BEST,NEW,https://www.drjart.com/ko/prd/view/1015?activeTopGnb=all,38000,0
바이탈 하이드라 솔루션 바이옴 토너,#수분톤토너,https://image.drjart.com/img/001/1560475562128.png,,GIFT,,NEW,https://www.drjart.com/ko/prd/view/1005?activeTopGnb=all,36000,0
바이탈 하이드라 솔루션 캡슐 앰플,#파란캡슐,https://image.drjart.com/img/001/1550818726001.png,,,,,https://www.drjart.com/ko/prd/view/989?activeTopGnb=all,69000,0
브이세븐 래디언스 토너,미백 광채 토너,https://image.drjart.com/img/001/1508909655012.png,,,,,https://www.drjart.com/ko/prd/view/471?activeTopGnb=all,0,0
브이세븐 브라이트닝 마스크,#비타톤업마스크,https://image.drjart.com/img/001/1542354535969.png,,,,,https://www.drjart.com/ko/prd/view/974?activeTopGnb=all,20000,0
브이세븐 비타레이저 2.1,#비타집중트리트먼트,https://image.drjart.com/img/001/1547526713266.png,,,,,https://www.drjart.com/ko/prd/view/965?activeTopGnb=all,48000,0
브이세븐 샤이닝 라이트,#토닝광채바탕크림,https://image.drjart.com/img/001/1508849617414.png,,,,,https://www.drjart.com/ko/prd/view/816?activeTopGnb=all,48000,0
브이세븐 샤이닝 라이트,#토닝광채바탕크림,https://image.drjart.com/img/001/1508849617414.png,,,,,https://www.drjart.com/ko/prd/view/816?activeTopGnb=all,48000,0
브이세븐 세럼,#비타토닝세럼,https://image.drjart.com/img/001/1541040133281.png,,,,,https://www.drjart.com/ko/prd/view/964?activeTopGnb=all,45000,0
브이세븐 에멀전,#비타투명에멀전,https://image.drjart.com/img/001/1539586386912.png,,,,,https://www.drjart.com/ko/prd/view/963?activeTopGnb=all,38000,0
브이세븐 클렌징 폼,#비타토닝클렌저,https://image.drjart.com/img/001/1542353736521.png,,,,,https://www.drjart.com/ko/prd/view/961?activeTopGnb=all,22000,0
브이세븐 토너,#비타투명토너,https://image.drjart.com/img/001/1539585938370.png,,,,,https://www.drjart.com/ko/prd/view/962?activeTopGnb=all,37000,0
브이세븐 토닝 라이트,#비타톤업크림,https://image.drjart.com/img/001/1539943452382.png,,,,,https://www.drjart.com/ko/prd/view/966?activeTopGnb=all,48000,0
브이세븐 핑크 토닝,#비타핑크톤업크림,https://image.drjart.com/img/001/1539587127007.png,,,,,https://www.drjart.com/ko/prd/view/967?activeTopGnb=all,0,0
비 펩타이드 트리트먼트 앰플,#여왕벌에너지앰플,https://image.drjart.com/img/001/1594015572441.png,,,,,https://www.drjart.com/ko/prd/view/21323?activeTopGnb=all,12000,0
세라마이딘 3-Step 보습 바디 세트,#바디케어트리오세트,https://image.drjart.com/img/001/1548982045438.png,,,,,https://www.drjart.com/ko/prd/view/970?activeTopGnb=all,18000,0
세라마이딘 리퀴드,#보습충전토너,https://image.drjart.com/img/001/1582884929174.png,,,,,https://www.drjart.com/ko/prd/view/832?activeTopGnb=all,39000,0
세라마이딘 립페어,#보습립페어,https://image.drjart.com/img/001/1508994697261.png,,,,,https://www.drjart.com/ko/prd/view/834?activeTopGnb=all,10000,0
세라마이딘 바디 로션,#수딩보습로션,https://image.drjart.com/img/001/1582886215381.png,,,,,https://www.drjart.com/ko/prd/view/663?activeTopGnb=all,24000,0
세라마이딘 바디 버터,#고농축바디버터,https://image.drjart.com/img/001/1509251451675.png,,,,,https://www.drjart.com/ko/prd/view/856?activeTopGnb=all,24000,0
세라마이딘 바디 보습 충전 SET,#보습충전바디SET,https://image.drjart.com/img/001/1580471083284.png,SALE,,,,https://www.drjart.com/ko/prd/view/21199?activeTopGnb=all,48000,40800
세라마이딘 바디 스크럽,#크림스크럽,https://image.drjart.com/img/001/1509248366364.png,,,,,https://www.drjart.com/ko/prd/view/855?activeTopGnb=all,24000,0
세라마이딘 바디 오일,#보습코팅오일,https://image.drjart.com/img/001/1582885865051.png,,,,,https://www.drjart.com/ko/prd/view/665?activeTopGnb=all,24000,0
세라마이딘 바디 워시,#보습충전샤워젤,https://image.drjart.com/img/001/1509087533661.png,,,,,https://www.drjart.com/ko/prd/view/771?activeTopGnb=all,24000,0
세라마이딘 바디케어 3-STEP 세트,#바디워시+바디로션+바디스크럽+타올,https://image.drjart.com/img/001/1593423230792.png,SALE,GIFT,,,https://www.drjart.com/ko/prd/view/983?activeTopGnb=all,68000,57800
세라마이딘 세럼,#5겹충전세럼,https://image.drjart.com/img/001/1582886167868.png,,,,,https://www.drjart.com/ko/prd/view/833?activeTopGnb=all,42000,0
세라마이딘 오일 밤,#멀티보습밤,https://image.drjart.com/img/001/1508914111402.png,,,,,https://www.drjart.com/ko/prd/view/546?activeTopGnb=all,28000,0
세라마이딘 크림,#보습장벽크림,https://image.drjart.com/img/001/1580471127503.png,,GIFT,,NEW,https://www.drjart.com/ko/prd/view/831?activeTopGnb=all,45000,0
세라마이딘 크림 미스트 110mL,#보습크림미스트,https://image.drjart.com/img/001/1540978446069.png,,,,,https://www.drjart.com/ko/prd/view/968?activeTopGnb=all,24000,0
세라마이딘 크림 미스트 50mL,#보습크림미스트,https://image.drjart.com/img/001/1540978496545.png,,,,,https://www.drjart.com/ko/prd/view/969?activeTopGnb=all,15000,0
세라마이딘 페이셜 베리어 마스크,#고보습세라마스크,https://image.drjart.com/img/001/1580470815498.png,,,,,https://www.drjart.com/ko/prd/view/21152?activeTopGnb=all,20000,0
세라마이딘 핸드크림 100mL,#고보습핸드크림,https://image.drjart.com/img/001/1519296777296.png,,,,,https://www.drjart.com/ko/prd/view/867?activeTopGnb=all,18000,0
세라마이딘 핸드크림 100mL,#고보습핸드크림,https://image.drjart.com/img/001/1519296777296.png,,,,,https://www.drjart.com/ko/prd/view/867?activeTopGnb=all,18000,0
세라마이딘 핸드크림 50mL,#고보습핸드크림 ,https://image.drjart.com/img/001/1519296291750.png,,,,,https://www.drjart.com/ko/prd/view/866?activeTopGnb=all,12000,0
세라마이딘 핸드크림 50mL,#고보습핸드크림 ,https://image.drjart.com/img/001/1519296291750.png,,,,,https://www.drjart.com/ko/prd/view/866?activeTopGnb=all,12000,0
솔라바이옴 우주선크림 에프터세트,#보습선케어세트,https://image.drjart.com/img/001/1587723510069.png,SALE,GIFT,,,https://www.drjart.com/ko/prd/view/21232?activeTopGnb=all,50000,42500
솔라바이옴™ 징크림,#민감피부선크림,https://image.drjart.com/img/001/1588154298905.png,SALE,,,,https://www.drjart.com/ko/prd/view/21220?activeTopGnb=all,29000,26100
솔라바이옴™ 프라이머,#프라이머선크림,https://image.drjart.com/img/001/1590138397977.png,SALE,,,,https://www.drjart.com/ko/prd/view/21219?activeTopGnb=all,29000,26100
솔라바이옴™ 플루이드,#산뜻선플루이드,https://image.drjart.com/img/001/1588151710419.png,,,,,https://www.drjart.com/ko/prd/view/21224?activeTopGnb=all,32000,0
솔라바이옴™ 플루이드 특별 기획세트 ,#산뜻선플루이드,https://image.drjart.com/img/001/1587020955660.png,,,,,https://www.drjart.com/ko/prd/view/21227?activeTopGnb=all,32000,0
솔라바이옴™앰플 특별 기획세트 ,#수분선앰플,https://image.drjart.com/img/001/1591944934738.png,SALE,,BEST,,https://www.drjart.com/ko/prd/view/21228?activeTopGnb=all,39000,35100
솔라바이옴™징크림 특별 기획세트,#민감피부선크림,https://image.drjart.com/img/001/1587022010571.png,SALE,,,,https://www.drjart.com/ko/prd/view/21230?activeTopGnb=all,29000,26100
솔라바이옴™프라이머 특별기획세트,#프라이머선크림,https://image.drjart.com/img/001/1587021615232.png,SALE,,BEST,,https://www.drjart.com/ko/prd/view/21229?activeTopGnb=all,29000,26100
스팟 잡는 올킬 세트 ,# 스팟 고민 ALL KILL,https://image.drjart.com/img/001/1591094189638.png,SALE,,,,https://www.drjart.com/ko/prd/view/1069?activeTopGnb=all,54000,45900
스페셜 데이를 위한 관리 SET,#특별한날 러버 테라피,https://image.drjart.com/img/001/1581914347415.png,SALE,,,,https://www.drjart.com/ko/prd/view/21208?activeTopGnb=all,24000,20400
스페셜 데이를 위한 관리 SET,#특별한날 러버 테라피,https://image.drjart.com/img/001/1581914347415.png,SALE,,,,https://www.drjart.com/ko/prd/view/21208?activeTopGnb=all,24000,20400
시카페어 세럼 인 쿠션 파운데이션 무직타이거 에디션,#리미티드시카세럼쿠션,https://image.drjart.com/img/001/1584951831481.png,,,,,https://www.drjart.com/ko/prd/view/1029?activeTopGnb=all,37000,0
시카페어 슬리페어 앰플 인 마스크,#꿀잠마스크,https://image.drjart.com/img/001/1592182802208.png,,,,,https://www.drjart.com/ko/prd/view/1065?activeTopGnb=all,39000,0
시카페어 엔자임 클렌징 폼,#시카멀티클폼,https://image.drjart.com/img/001/1589760774265.png,,,,NEW,https://www.drjart.com/ko/prd/view/1085?activeTopGnb=all,24000,0
시카페어 엔자임 클렌징 폼,#시카멀티클폼,https://image.drjart.com/img/001/1589760774265.png,,,,NEW,https://www.drjart.com/ko/prd/view/1085?activeTopGnb=all,24000,0
시카페어 엔자임 클렌징 폼,#시카멀티클폼,https://image.drjart.com/img/001/1589760774265.png,,,,NEW,https://www.drjart.com/ko/prd/view/1085?activeTopGnb=all,24000,0
시카페어 진정 보습 홈케어 세트,#홈케어추천세트,https://image.drjart.com/img/001/1590393347113.png,SALE,,,,https://www.drjart.com/ko/prd/view/1108?activeTopGnb=all,107000,90950
시카페어 집중케어 3종 세트,#한정수량추천세트,https://image.drjart.com/img/001/1590393639665.png,SALE,GIFT,,,https://www.drjart.com/ko/prd/view/1079?activeTopGnb=all,86000,73100
시카페어 카밍 마스크,#긴급진정마스크,https://image.drjart.com/img/001/1575532353219.png,,,,,https://www.drjart.com/ko/prd/view/926?activeTopGnb=all,20000,0
시카페어 카밍 선 프로텍터,#진정커버선케어,https://image.drjart.com/img/001/1569481636408.png,SALE,,,,https://www.drjart.com/ko/prd/view/1007?activeTopGnb=all,29000,24650
시카페어 카밍 젤 크림,#수분진정젤,https://image.drjart.com/img/001/1582886110492.png,SALE,GIFT,,,https://www.drjart.com/ko/prd/view/948?activeTopGnb=all,35000,33250
시카페어 컬러코렉팅 트리트먼트,#시카선쉴드크림,https://image.drjart.com/img/001/1587641435654.png,,,,,https://www.drjart.com/ko/prd/view/21235?activeTopGnb=all,60000,0
시카페어 컬러코렉팅 트리트먼트,#시카선쉴드크림,https://image.drjart.com/img/001/1587641435654.png,,,,,https://www.drjart.com/ko/prd/view/21235?activeTopGnb=all,60000,0
시카페어 페이셜 카밍 미스트,#SOS진정미스트,https://image.drjart.com/img/001/1566294899045.png,,,,,https://www.drjart.com/ko/prd/view/889?activeTopGnb=all,18000,0
시카페어 페이셜 카밍 미스트,#SOS진정미스트,https://image.drjart.com/img/001/1566294899045.png,,,,,https://www.drjart.com/ko/prd/view/889?activeTopGnb=all,18000,0
안심파데 밤컨실러 세트,#확실한커버,https://image.drjart.com/img/001/1536030559039.png,SALE,,,,https://www.drjart.com/ko/prd/view/929?activeTopGnb=all,57000,48450
안심파데 밤컨실러 세트,#확실한커버,https://image.drjart.com/img/001/1536030559039.png,SALE,,,,https://www.drjart.com/ko/prd/view/929?activeTopGnb=all,57000,48450
알엑스 크림 투 랩 마스크 ,#DIY컬러마스크 #나만의마스크,https://image.drjart.com/img/001/1582886056513.png,,,,,https://www.drjart.com/ko/prd/view/1030?activeTopGnb=all,34000,0
에브리 선 데이 마일드 선,#무기자차선케어,https://image.drjart.com/img/001/1554105610228.png,SALE,,,,https://www.drjart.com/ko/prd/view/881?activeTopGnb=all,32000,27200
에브리 선 데이 모이스처라이징 선,#종일보습선케어,https://image.drjart.com/img/001/1554103279254.png,SALE,,,,https://www.drjart.com/ko/prd/view/882?activeTopGnb=all,29000,24650
에브리 선 데이 모이스처라이징 선,#종일보습선케어,https://image.drjart.com/img/001/1554103279254.png,SALE,,,,https://www.drjart.com/ko/prd/view/882?activeTopGnb=all,29000,24650
에브리 선 데이 톤 업 선스크린,#촉촉한톤업선케어,https://image.drjart.com/img/001/1554105011443.png,SALE,,,,https://www.drjart.com/ko/prd/view/880?activeTopGnb=all,29000,24650
에브리 선 데이 톤 업 선스크린,#촉촉한톤업선케어,https://image.drjart.com/img/001/1554105011443.png,SALE,,,,https://www.drjart.com/ko/prd/view/880?activeTopGnb=all,29000,24650
유수분 밸런스 바이옴 세트,#각질+ 수분충전케어,https://image.drjart.com/img/001/1593148695305.png,SALE,,,,https://www.drjart.com/ko/prd/view/1032?activeTopGnb=all,57000,48450
커버 잡는 컨실러 SET,#착붙_메이크업,https://image.drjart.com/img/001/1571399210707.png,SALE,GIFT,,,https://www.drjart.com/ko/prd/view/21127?activeTopGnb=all,44000,37400
컨트롤 에이 센스티브 선 프로텍터,#여드름성피부적합선케어,https://image.drjart.com/img/001/1582885993045.png,SALE,,,,https://www.drjart.com/ko/prd/view/878?activeTopGnb=all,29000,24650
컨트롤 에이 센스티브 선 프로텍터,#여드름성피부적합선케어,https://image.drjart.com/img/001/1582885993045.png,SALE,,,,https://www.drjart.com/ko/prd/view/878?activeTopGnb=all,29000,24650
컨트롤에이 드라잉 스팟 코렉터,#스팟애프터크림,https://image.drjart.com/img/001/1508921853554.png,,,,,https://www.drjart.com/ko/prd/view/273?activeTopGnb=all,31000,0
컨트롤에이 드라잉 스팟 코렉터,#스팟애프터크림,https://image.drjart.com/img/001/1508921853554.png,,,,,https://www.drjart.com/ko/prd/view/273?activeTopGnb=all,31000,0
컨트롤에이 스팟 진정 올킬 세트,#스팟 진정 올킬 세트,https://image.drjart.com/img/001/1582885008751.png,,,,,https://www.drjart.com/ko/prd/view/21151?activeTopGnb=all,29000,0
컨트롤에이 티트리먼트 모이스처라이저,#여드름저격크림,https://image.drjart.com/img/001/1595302719607.png,,,,NEW,https://www.drjart.com/ko/prd/view/1025?activeTopGnb=all,24000,0
컨트롤에이 티트리먼트 바디 미스트,#스팟저격바디전용미스트,https://image.drjart.com/img/001/1561941733278.png,,,,NEW,https://www.drjart.com/ko/prd/view/1028?activeTopGnb=all,19000,0
컨트롤에이 티트리먼트 바디 클렌저,#여드름저격바디클렌저,https://image.drjart.com/img/001/1582524119587.png,,,,NEW,https://www.drjart.com/ko/prd/view/1027?activeTopGnb=all,20000,0
컨트롤에이 티트리먼트 수딩 스팟,#여드름에 톡톡,https://image.drjart.com/img/001/1564568642855.png,,,,NEW,https://www.drjart.com/ko/prd/view/1035?activeTopGnb=all,17000,0
컨트롤에이 티트리먼트 스팟 패치 키트,#2스텝스팟패치,https://image.drjart.com/img/001/1582681521117.png,,,,,https://www.drjart.com/ko/prd/view/1034?activeTopGnb=all,12000,0
컨트롤에이 티트리먼트 인비저블 패치,#스팟저격인비저블패치,https://image.drjart.com/img/001/1561941251539.png,,,,,https://www.drjart.com/ko/prd/view/1026?activeTopGnb=all,12000,0
컨트롤에이 티트리먼트 클렌징 폼,#여드름저격클렌저,https://image.drjart.com/img/001/1582525058867.png,,,,NEW,https://www.drjart.com/ko/prd/view/1023?activeTopGnb=all,18000,0
컨트롤에이 티트리먼트 토너,#스팟저격촉촉토너,https://image.drjart.com/img/001/1561940567451.png,,,,NEW,https://www.drjart.com/ko/prd/view/1024?activeTopGnb=all,19000,0
크라이오 러버 위드 모이스처라이징 히알루론산,#수분고무마스크,https://image.drjart.com/img/001/1594873873529.png,,,,,https://www.drjart.com/ko/prd/view/1099?activeTopGnb=all,12000,0
크라이오 러버 위드 모이스처라이징 히알루론산,#수분고무마스크,https://image.drjart.com/img/001/1594873873529.png,,,,,https://www.drjart.com/ko/prd/view/1099?activeTopGnb=all,12000,0
크라이오 러버 위드 브라이트닝 비타민 씨,#톤업고무마스크,https://image.drjart.com/img/001/1589722576231.png,,,,,https://www.drjart.com/ko/prd/view/1097?activeTopGnb=all,12000,0
크라이오 러버 위드 브라이트닝 비타민 씨,#톤업고무마스크,https://image.drjart.com/img/001/1589722576231.png,,,,,https://www.drjart.com/ko/prd/view/1097?activeTopGnb=all,12000,0
크라이오 러버 위드 수딩 알란토인,#진정고무마스크,https://image.drjart.com/img/001/1589722344105.png,,,,,https://www.drjart.com/ko/prd/view/1098?activeTopGnb=all,12000,0
크라이오 러버 위드 수딩 알란토인,#진정고무마스크,https://image.drjart.com/img/001/1589722344105.png,,,,,https://www.drjart.com/ko/prd/view/1098?activeTopGnb=all,12000,0
크라이오 러버 위드 퍼밍 콜라겐,#탄력고무마스크,https://image.drjart.com/img/001/1589722837649.png,,,,,https://www.drjart.com/ko/prd/view/1096?activeTopGnb=all,12000,0
크라이오 러버 위드 퍼밍 콜라겐,#탄력고무마스크,https://image.drjart.com/img/001/1589722837649.png,,,,,https://www.drjart.com/ko/prd/view/1096?activeTopGnb=all,12000,0
티트리먼트 듀오세트,#레드스팟저격,https://image.drjart.com/img/001/1587723544488.png,SALE,GIFT,,,https://www.drjart.com/ko/prd/view/21233?activeTopGnb=all,42000,35700
티트리먼트™ 대용량 2종세트,# 함께해서 15% SALE,https://image.drjart.com/img/001/1590393773811.png,SALE,,,,https://www.drjart.com/ko/prd/view/1066?activeTopGnb=all,67000,56950
티트리먼트™ 대용량 3종세트,# 함께해서 15% SALE,https://image.drjart.com/img/001/1591091284160.png,SALE,GIFT,,,https://www.drjart.com/ko/prd/view/1067?activeTopGnb=all,94000,79900
펩타이딘 세럼 핑크 에너지,#에너지광세럼,https://image.drjart.com/img/001/1577776879575.png,,,,,https://www.drjart.com/ko/prd/view/864?activeTopGnb=all,42000,0
포맨 비비 블록,자외선 차단과 잡티를 한번에 끝내주는,https://image.drjart.com/img/001/1581914311727.png,,GIFT,,,https://www.drjart.com/ko/prd/view/687?activeTopGnb=all,29000,0
포맨 스크럽 폼,남성 전용 데일리 스크럽 폼 클렌저,https://image.drjart.com/img/001/1508821881885.png,,,,,https://www.drjart.com/ko/prd/view/685?activeTopGnb=all,19000,0
포맨 스킨 에센스,남자의 스킨케어를 한 번에 끝내주는,https://image.drjart.com/img/001/1581914264009.png,,,,,https://www.drjart.com/ko/prd/view/686?activeTopGnb=all,29000,0
포커스팟 다크 멜팅 패치,#미백필터마스크,https://image.drjart.com/img/001/1587006192331.png,,,,,https://www.drjart.com/ko/prd/view/885?activeTopGnb=all,25000,0
포커스팟 링클 멜팅 패치,#동안필터마스크,https://image.drjart.com/img/001/1587006461793.png,,,,,https://www.drjart.com/ko/prd/view/886?activeTopGnb=all,25000,0
포커스팟 링클 멜팅 패치,#동안필터마스크,https://image.drjart.com/img/001/1587006461793.png,,,,,https://www.drjart.com/ko/prd/view/886?activeTopGnb=all,25000,0
더마스크 울트라 젯 포렉팅 솔루션,#모공솔루션마스크,https://image.drjart.com/img/001/1587003427910.png,,,,,https://www.drjart.com/ko/prd/view/805?activeTopGnb=all,20000,0
더메이크업 디스어포어 뷰티밤,#모공커버비비,https://image.drjart.com/img/001/1587993633434.png,,,,,https://www.drjart.com/ko/prd/view/922?activeTopGnb=all,32000,0
더마스크 울트라 젯 필링 솔루션,#필링솔루션마스크,https://image.drjart.com/img/001/1587006505969.png,,,,,https://www.drjart.com/ko/prd/view/877?activeTopGnb=all,25000,0
포커스팟 포어 멜팅 패치,#블러필터마스크,https://image.drjart.com/img/001/1587006150530.png,,,,,https://www.drjart.com/ko/prd/view/887?activeTopGnb=all,35000,0
닥터자르트 너리싱 뷰티 밤 블랙 플러스,건조하고 푸석한 중.건성 피부,https://image.drjart.com/img/001/1508914458539.png,,,,,https://www.drjart.com/ko/prd/view/293?activeTopGnb=all,36000,0
브이세븐 토닝 뷰티 밤,"칙칙한 피부, 가리지 말고 톤을 밝혀라!",https://image.drjart.com/img/001/1534214448021.png,,,,,https://www.drjart.com/ko/prd/view/773?activeTopGnb=all,38000,0
세라마이딘 핸드케어세트,#부담없는선물,https://image.drjart.com/img/001/1587723579589.png,SALE,GIFT,,NEW,https://www.drjart.com/ko/prd/view/21234?activeTopGnb=all,36000,30600
더마클리어 핸드 세니타이저겔(에탄올)-의약외품,#ESC손소독제,https://image.drjart.com/img/001/1582797166907.png,,,,,https://www.drjart.com/ko/prd/view/21210?activeTopGnb=all,7000,0
